<?xml version="1.0" encoding="UTF-8"?>
<GenRun Id="impl_1" LaunchPart="xc7a35tcpg236-1" LaunchTime="1600697396">
  <File Type="BITSTR-BMM" Name="main_component_bd.bmm"/>
  <File Type="OPT-METHODOLOGY-DRC" Name="main_component_methodology_drc_opted.rpt"/>
  <File Type="INIT-TIMING" Name="main_component_timing_summary_init.rpt"/>
  <File Type="ROUTE-PWR" Name="main_component_power_routed.rpt"/>
  <File Type="PA-TCL" Name="main_component.tcl"/>
  <File Type="OPT-TIMING" Name="main_component_timing_summary_opted.rpt"/>
  <File Type="OPT-DCP" Name="main_component_opt.dcp"/>
  <File Type="ROUTE-PWR-SUM" Name="main_component_power_summary_routed.pb"/>
  <File Type="REPORTS-TCL" Name="main_component_reports.tcl"/>
  <File Type="OPT-DRC" Name="main_component_drc_opted.rpt"/>
  <File Type="OPT-HWDEF" Name="main_component.hwdef"/>
  <File Type="PWROPT-DCP" Name="main_component_pwropt.dcp"/>
  <File Type="PWROPT-DRC" Name="main_component_drc_pwropted.rpt"/>
  <File Type="PWROPT-TIMING" Name="main_component_timing_summary_pwropted.rpt"/>
  <File Type="PLACE-DCP" Name="main_component_placed.dcp"/>
  <File Type="PLACE-IO" Name="main_component_io_placed.rpt"/>
  <File Type="PLACE-CLK" Name="main_component_clock_utilization_placed.rpt"/>
  <File Type="PLACE-UTIL" Name="main_component_utilization_placed.rpt"/>
  <File Type="PLACE-UTIL-PB" Name="main_component_utilization_placed.pb"/>
  <File Type="PLACE-CTRL" Name="main_component_control_sets_placed.rpt"/>
  <File Type="PLACE-SIMILARITY" Name="main_component_incremental_reuse_placed.rpt"/>
  <File Type="PLACE-PRE-SIMILARITY" Name="main_component_incremental_reuse_pre_placed.rpt"/>
  <File Type="PLACE-TIMING" Name="main_component_timing_summary_placed.rpt"/>
  <File Type="POSTPLACE-PWROPT-DCP" Name="main_component_postplace_pwropt.dcp"/>
  <File Type="BG-BIN" Name="main_component.bin"/>
  <File Type="POSTPLACE-PWROPT-TIMING" Name="main_component_timing_summary_postplace_pwropted.rpt"/>
  <File Type="PHYSOPT-DCP" Name="main_component_physopt.dcp"/>
  <File Type="PHYSOPT-DRC" Name="main_component_drc_physopted.rpt"/>
  <File Type="BITSTR-MSK" Name="main_component.msk"/>
  <File Type="PHYSOPT-TIMING" Name="main_component_timing_summary_physopted.rpt"/>
  <File Type="ROUTE-ERROR-DCP" Name="main_component_routed_error.dcp"/>
  <File Type="ROUTE-DCP" Name="main_component_routed.dcp"/>
  <File Type="ROUTE-BLACKBOX-DCP" Name="main_component_routed_bb.dcp"/>
  <File Type="ROUTE-DRC" Name="main_component_drc_routed.rpt"/>
  <File Type="ROUTE-DRC-PB" Name="main_component_drc_routed.pb"/>
  <File Type="ROUTE-DRC-RPX" Name="main_component_drc_routed.rpx"/>
  <File Type="BITSTR-MMI" Name="main_component.mmi"/>
  <File Type="ROUTE-METHODOLOGY-DRC" Name="main_component_methodology_drc_routed.rpt"/>
  <File Type="ROUTE-METHODOLOGY-DRC-RPX" Name="main_component_methodology_drc_routed.rpx"/>
  <File Type="ROUTE-METHODOLOGY-DRC-PB" Name="main_component_methodology_drc_routed.pb"/>
  <File Type="ROUTE-PWR-RPX" Name="main_component_power_routed.rpx"/>
  <File Type="ROUTE-STATUS" Name="main_component_route_status.rpt"/>
  <File Type="ROUTE-STATUS-PB" Name="main_component_route_status.pb"/>
  <File Type="ROUTE-TIMINGSUMMARY" Name="main_component_timing_summary_routed.rpt"/>
  <File Type="ROUTE-TIMING-PB" Name="main_component_timing_summary_routed.pb"/>
  <File Type="ROUTE-TIMING-RPX" Name="main_component_timing_summary_routed.rpx"/>
  <File Type="ROUTE-SIMILARITY" Name="main_component_incremental_reuse_routed.rpt"/>
  <File Type="ROUTE-CLK" Name="main_component_clock_utilization_routed.rpt"/>
  <File Type="ROUTE-BUS-SKEW" Name="main_component_bus_skew_routed.rpt"/>
  <File Type="ROUTE-BUS-SKEW-PB" Name="main_component_bus_skew_routed.pb"/>
  <File Type="ROUTE-BUS-SKEW-RPX" Name="main_component_bus_skew_routed.rpx"/>
  <File Type="POSTROUTE-PHYSOPT-DCP" Name="main_component_postroute_physopt.dcp"/>
  <File Type="POSTROUTE-PHYSOPT-BLACKBOX-DCP" Name="main_component_postroute_physopt_bb.dcp"/>
  <File Type="POSTROUTE-PHYSOPT-TIMING" Name="main_component_timing_summary_postroute_physopted.rpt"/>
  <File Type="POSTROUTE-PHYSOPT-TIMING-PB" Name="main_component_timing_summary_postroute_physopted.pb"/>
  <File Type="POSTROUTE-PHYSOPT-TIMING-RPX" Name="main_component_timing_summary_postroute_physopted.rpx"/>
  <File Type="POSTROUTE-PHYSOPT-BUS-SKEW" Name="main_component_bus_skew_postroute_physopted.rpt"/>
  <File Type="POSTROUTE-PHYSOPT-BUS-SKEW-PB" Name="main_component_bus_skew_postroute_physopted.pb"/>
  <File Type="BG-BIT" Name="main_component.bit"/>
  <File Type="POSTROUTE-PHYSOPT-BUS-SKEW-RPX" Name="main_component_bus_skew_postroute_physopted.rpx"/>
  <File Type="BITSTR-RBT" Name="main_component.rbt"/>
  <File Type="BITSTR-NKY" Name="main_component.nky"/>
  <File Type="PDI-FILE" Name="main_component.pdi"/>
  <File Type="RCFI_FILE" Name="main_component.rcfi"/>
  <File Type="CFI_FILE" Name="main_component.cfi"/>
  <File Type="RNPI_FILE" Name="main_component.rnpi"/>
  <File Type="NPI_FILE" Name="main_component.npi"/>
  <File Type="RBD_FILE" Name="main_component.rbd"/>
  <File Type="BITSTR-LTX" Name="debug_nets.ltx"/>
  <File Type="BITSTR-LTX" Name="main_component.ltx"/>
  <File Type="BITSTR-SYSDEF" Name="main_component.sysdef"/>
  <File Type="BG-BGN" Name="main_component.bgn"/>
  <File Type="BG-DRC" Name="main_component.drc"/>
  <File Type="RDI-RDI" Name="main_component.vdi"/>
  <File Type="WBT-USG" Name="usage_statistics_webtalk.html"/>
  <FileSet Name="sources" Type="DesignSrcs" RelSrcDir="$PSRCDIR/sources_1">
    <Filter Type="Srcs"/>
    <File Path="$PSRCDIR/sources_1/ip/uartlite/uartlite.xci">
      <FileInfo>
        <Attr Name="UsedIn" Val="synthesis"/>
        <Attr Name="UsedIn" Val="implementation"/>
        <Attr Name="UsedIn" Val="simulation"/>
      </FileInfo>
    </File>
    <File Path="$PSRCDIR/sources_1/ip/padd_ram/padd_ram.xci">
      <FileInfo>
        <Attr Name="UsedIn" Val="synthesis"/>
        <Attr Name="UsedIn" Val="implementation"/>
        <Attr Name="UsedIn" Val="simulation"/>
      </FileInfo>
    </File>
    <File Path="$PSRCDIR/sources_1/ip/io_ram/io_ram.xci">
      <FileInfo>
        <Attr Name="UsedIn" Val="synthesis"/>
        <Attr Name="UsedIn" Val="implementation"/>
        <Attr Name="UsedIn" Val="simulation"/>
      </FileInfo>
    </File>
    <File Path="$PSRCDIR/sources_1/new/convolution_component.vhd">
      <FileInfo>
        <Attr Name="UsedIn" Val="synthesis"/>
        <Attr Name="UsedIn" Val="simulation"/>
      </FileInfo>
    </File>
    <File Path="$PSRCDIR/sources_1/new/kernel_component.vhd">
      <FileInfo>
        <Attr Name="UsedIn" Val="synthesis"/>
        <Attr Name="UsedIn" Val="simulation"/>
      </FileInfo>
    </File>
    <File Path="$PSRCDIR/sources_1/new/padding_component.vhd">
      <FileInfo>
        <Attr Name="UsedIn" Val="synthesis"/>
        <Attr Name="UsedIn" Val="simulation"/>
      </FileInfo>
    </File>
    <File Path="$PSRCDIR/sources_1/new/signal_selection_component.vhd">
      <FileInfo>
        <Attr Name="UsedIn" Val="synthesis"/>
        <Attr Name="UsedIn" Val="simulation"/>
      </FileInfo>
    </File>
    <File Path="$PSRCDIR/sources_1/new/sort_component.vhd">
      <FileInfo>
        <Attr Name="UsedIn" Val="synthesis"/>
        <Attr Name="UsedIn" Val="simulation"/>
      </FileInfo>
    </File>
    <File Path="$PSRCDIR/sources_1/new/state_control_component.vhd">
      <FileInfo>
        <Attr Name="UsedIn" Val="synthesis"/>
        <Attr Name="UsedIn" Val="simulation"/>
      </FileInfo>
    </File>
    <File Path="$PSRCDIR/sources_1/new/uart_commi_component.vhd">
      <FileInfo>
        <Attr Name="UsedIn" Val="synthesis"/>
        <Attr Name="UsedIn" Val="simulation"/>
      </FileInfo>
    </File>
    <File Path="$PSRCDIR/sources_1/new/main_component.vhd">
      <FileInfo>
        <Attr Name="UsedIn" Val="synthesis"/>
        <Attr Name="UsedIn" Val="simulation"/>
      </FileInfo>
    </File>
    <Config>
      <Option Name="DesignMode" Val="RTL"/>
      <Option Name="TopModule" Val="main_component"/>
      <Option Name="TopAutoSet" Val="TRUE"/>
    </Config>
  </FileSet>
  <FileSet Name="constrs_in" Type="Constrs" RelSrcDir="$PSRCDIR/constrs_1">
    <Filter Type="Constrs"/>
    <File Path="$PSRCDIR/constrs_1/new/median.xdc">
      <FileInfo>
        <Attr Name="UsedIn" Val="synthesis"/>
        <Attr Name="UsedIn" Val="implementation"/>
      </FileInfo>
    </File>
    <Config>
      <Option Name="ConstrsType" Val="XDC"/>
    </Config>
  </FileSet>
  <FileSet Name="utils" Type="Utils" RelSrcDir="$PSRCDIR/utils_1">
    <Filter Type="Utils"/>
    <Config>
      <Option Name="TopAutoSet" Val="TRUE"/>
    </Config>
  </FileSet>
  <Strategy Version="1" Minor="2">
    <StratHandle Name="Vivado Implementation Defaults" Flow="Vivado Implementation 2019">
      <Desc>Default settings for Implementation.</Desc>
    </StratHandle>
    <Step Id="init_design"/>
    <Step Id="opt_design"/>
    <Step Id="power_opt_design"/>
    <Step Id="place_design"/>
    <Step Id="post_place_power_opt_design"/>
    <Step Id="phys_opt_design" EnableStepBool="1"/>
    <Step Id="route_design"/>
    <Step Id="post_route_phys_opt_design"/>
    <Step Id="write_bitstream"/>
  </Strategy>
</GenRun>
